<?xml version="1.0" encoding="UTF-8"?>
<project-private xmlns="http://www.netbeans.org/ns/project-private/1">
    <editor-bookmarks xmlns="http://www.netbeans.org/ns/editor-bookmarks/2" lastBookmarkId="0"/>
    <open-files xmlns="http://www.netbeans.org/ns/projectui-open-files/2">
        <group>
            <file>file:/H:/Documents%20-%20HDD/NetBeansProjects/ChessProject/src/Source/Chess.java</file>
            <file>file:/H:/Documents%20-%20HDD/NetBeansProjects/ChessProject/src/player/MoveTransition.java</file>
            <file>file:/H:/Documents%20-%20HDD/NetBeansProjects/ChessProject/src/pieces/Rook.java</file>
            <file>file:/H:/Documents%20-%20HDD/NetBeansProjects/ChessProject/src/pieces/King.java</file>
            <file>file:/H:/Documents%20-%20HDD/NetBeansProjects/ChessProject/src/pieces/Piece.java</file>
            <file>file:/H:/Documents%20-%20HDD/NetBeansProjects/ChessProject/src/board/Tile.java</file>
            <file>file:/H:/Documents%20-%20HDD/NetBeansProjects/ChessProject/src/pieces/Alliance.java</file>
            <file>file:/H:/Documents%20-%20HDD/NetBeansProjects/ChessProject/src/board/Board.java</file>
            <file>file:/H:/Documents%20-%20HDD/NetBeansProjects/ChessProject/src/board/Move.java</file>
            <file>file:/H:/Documents%20-%20HDD/NetBeansProjects/ChessProject/src/player/MoveStatus.java</file>
        </group>
    </open-files>
</project-private>
